{"train/avg_teacher_conf_epoch":0.9455968141555786,"train/avg_teacher_conf":0.9451519250869751,"_step":1029,"train/loss_hard_epoch":0.026921046897768974,"epoch":113,"train/gate_step":0.7869652509689331,"train/loss_total":2.1641719341278076,"val/auroc":0.9918615221977234,"train/loss_soft":2.630075216293335,"_timestamp":1.7617122782577667e+09,"train/gate_epoch":0.7828245759010315,"train/loss_total_step":0.9321843385696411,"train/loss_soft_step":1.180804967880249,"train/loss_hard_step":0.0275241881608963,"trainer/global_step":40127,"train/gate":0.7826906442642212,"_wandb":{"runtime":10825},"_runtime":10825,"train/avg_teacher_conf_step":0.9564716815948486,"train/loss_hard":0.9733926653862,"val/accuracy":0.7549999952316284,"train/loss_total_epoch":0.9532472491264343,"val/loss_total":2.1641719341278076,"train/loss_soft_epoch":1.214052677154541}