{"_runtime":12,"train/loss_total_step":3.9496421813964844,"epoch":0,"trainer/global_step":99,"_timestamp":1.7616847559393747e+09,"_step":1,"_wandb":{"runtime":12}}