{"train/gate_step":1,"train/loss_soft_epoch":0.4314378499984741,"trainer/global_step":38719,"train/loss_soft":1.8360097408294678,"train/loss_total_step":0.39540112018585205,"_step":993,"train/gate":1,"val/accuracy":0.7283999919891357,"val/auroc":0.9858827590942383,"train/loss_total":1.8360097408294678,"train/avg_teacher_conf":0.9979084134101868,"train/loss_hard_step":0,"train/loss_hard":0,"train/avg_teacher_conf_step":0.9982504844665527,"epoch":109,"train/gate_epoch":1,"train/loss_total_epoch":0.4314378499984741,"train/loss_hard_epoch":0,"_runtime":6053,"val/loss_total":1.8360097408294678,"train/avg_teacher_conf_epoch":0.9978481531143188,"_timestamp":1.7617183748316789e+09,"_wandb":{"runtime":6053},"train/loss_soft_step":0.39540112018585205}