{"_timestamp":1.7617080216183958e+09,"val/auroc":0.9844822287559509,"train/teacher_2_usage_fraction":0.12077777832746506,"train/loss_soft":2.5066885948181152,"train/loss_total_step":0.36733025312423706,"train/dynamic_alpha":0.9992640614509583,"train/teacher_1_usage_fraction":0.24111111462116241,"train/loss_hard":1.2148209810256958,"train/max_teacher_conf_mean_step":0.9995031356811523,"_step":957,"train/loss_soft_step":0.3675096035003662,"train/loss_soft_epoch":0.4622872769832611,"val/loss_total":2.5057566165924072,"_runtime":7975,"epoch":105,"train/max_teacher_conf_mean":0.9992640614509583,"train/loss_hard_step":0.006510790437459946,"train/dynamic_alpha_epoch":0.9992443323135376,"train/loss_total_epoch":0.4619593024253845,"train/loss_hard_epoch":0.024917256087064743,"val/accuracy":0.7246000170707703,"train/teacher_0_usage_fraction":0.6381111145019531,"train/loss_total":2.5057566165924072,"train/dynamic_alpha_step":0.9995031356811523,"_wandb":{"runtime":7975},"trainer/global_step":37311,"train/max_teacher_conf_mean_epoch":0.9992443323135376}