{"epoch":114,"_step":1038,"train/loss_hard_step":0.046701911836862564,"val/accuracy":0.7426000237464905,"train/loss_soft_epoch":0.27969440817832947,"_runtime":5083,"train/loss_soft":0.8521397709846497,"train/loss_total_step":0.2848741114139557,"train/loss_hard_epoch":0.03701314702630043,"train/max_teacher_conf_mean_step":0.9989064931869507,"train/loss_total":0.8524740934371948,"trainer/global_step":40479,"train/teacher_0_usage_fraction":0.15399999916553497,"train/dynamic_alpha_epoch":0.9989317059516907,"train/max_teacher_conf_mean":0.9989327192306519,"train/loss_hard":1.1104501485824585,"_timestamp":1.7617202313124635e+09,"train/dynamic_alpha":0.9989327192306519,"val/loss_total":0.8524740934371948,"train/max_teacher_conf_mean_epoch":0.9989317059516907,"train/dynamic_alpha_step":0.9989064931869507,"val/auroc":0.9853416085243225,"train/teacher_1_usage_fraction":0.8460000157356262,"_wandb":{"runtime":5083},"train/loss_total_epoch":0.2794415354728699,"train/loss_soft_step":0.28513482213020325}