{"train/teacher_0_usage_fraction":0.3450666666030884,"train/dynamic_alpha":0.9996171593666077,"train/dynamic_alpha_step":0.9995392560958862,"epoch":110,"train/loss_total_step":0.8329707980155945,"train/dynamic_alpha_epoch":0.99950110912323,"train/loss_hard_epoch":0.034457672387361526,"train/loss_hard_step":0.04687867686152458,"train/loss_soft":3.580946207046509,"_wandb":{"runtime":14556},"_step":1002,"train/loss_soft_epoch":0.8009116053581238,"train/loss_total_epoch":0.8005344867706299,"train/max_teacher_conf_mean_step":0.9995392560958862,"train/loss_hard":1.2775092124938965,"train/max_teacher_conf_mean_epoch":0.99950110912323,"train/loss_total":3.580064058303833,"train/max_teacher_conf_mean":0.9996171593666077,"train/loss_soft_step":0.8333331942558289,"_runtime":14556,"val/loss_total":3.580064058303833,"val/auroc":0.9861122965812683,"_timestamp":1.7617046084134502e+09,"val/accuracy":0.7211999893188477,"train/teacher_1_usage_fraction":0.07475555688142776,"train/teacher_2_usage_fraction":0.5801777839660645,"trainer/global_step":39071}