{"train/teacher_0_usage_fraction":0.15399999916553497,"_runtime":7040,"_step":1110,"train/dynamic_alpha":0.9989327192306519,"train/loss_soft_epoch":0.3650788962841034,"epoch":122,"train/dynamic_alpha_epoch":0.9989325404167175,"train/loss_hard_epoch":0.036821234971284866,"train/max_teacher_conf_mean_epoch":0.9989325404167175,"train/max_teacher_conf_mean_step":0.9989259243011475,"train/max_teacher_conf_mean":0.9989327192306519,"train/dynamic_alpha_step":0.9989259243011475,"_wandb":{"runtime":7040},"train/teacher_1_usage_fraction":0.8460000157356262,"train/loss_soft":1.238216519355774,"train/loss_hard":1.1256166696548462,"train/loss_total":1.2381401062011719,"train/loss_hard_step":0.048828091472387314,"val/auroc":0.9856454133987427,"train/loss_soft_step":0.3196840286254883,"val/accuracy":0.7382000088691711,"train/loss_total_step":0.319393128156662,"trainer/global_step":43295,"train/loss_total_epoch":0.36472952365875244,"_timestamp":1.7617151044094193e+09,"val/loss_total":1.2381401062011719}