{"train/max_teacher_conf_mean_step":0.9994299411773682,"train/loss_soft_step":0.46592456102371216,"train/dynamic_alpha_step":1,"val/accuracy":0.7242000102996826,"train/teacher_1_usage_fraction":0.24111111462116241,"train/loss_hard":0,"epoch":121,"train/loss_total":2.5506911277770996,"_timestamp":1.761699983296148e+09,"val/loss_total":2.5506911277770996,"_wandb":{"runtime":10942},"train/max_teacher_conf_mean_epoch":0.9992440938949585,"train/loss_hard_epoch":0,"train/dynamic_alpha_epoch":1,"trainer/global_step":42943,"_runtime":10942,"train/loss_soft":2.5506911277770996,"train/loss_soft_epoch":0.48116305470466614,"_step":1101,"train/loss_hard_step":0,"train/teacher_2_usage_fraction":0.12077777832746506,"train/teacher_0_usage_fraction":0.6381111145019531,"train/loss_total_step":0.46592456102371216,"val/auroc":0.9837015271186829,"train/loss_total_epoch":0.48116305470466614,"train/dynamic_alpha":1,"train/max_teacher_conf_mean":0.9992640614509583}