{"val/auroc":0.9916505813598633,"val/loss_total":3.7605323791503906,"_step":839,"val/accuracy":0.7494000196456909,"train/loss_total_step":1.312660813331604,"_timestamp":1.7617013922396114e+09,"train/loss_ce":0.9887558817863464,"train/loss_kl_epoch":1.2821526527404785,"train/loss_ce_epoch":0.014878163114190102,"epoch":92,"train/loss_total":3.7605323791503906,"train/loss_total_epoch":1.2970314025878906,"train/loss_kl_step":1.2984416484832764,"_runtime":10916,"train/loss_kl":2.771775960922241,"train/loss_ce_step":0.014219129458069801,"_wandb":{"runtime":10916},"trainer/global_step":32735}